<?xml version="1.0" encoding="UTF-8"?>
<project-private xmlns="http://www.netbeans.org/ns/project-private/1">
    <editor-bookmarks xmlns="http://www.netbeans.org/ns/editor-bookmarks/2" lastBookmarkId="0"/>
    <open-files xmlns="http://www.netbeans.org/ns/projectui-open-files/2">
        <group>
            <file>file:/C:/Users/lolsp/Documents/NetBeansProjects/ChatroomClient/src/chatroomclient/models/SimpleFile.java</file>
            <file>file:/C:/Users/lolsp/Documents/NetBeansProjects/ChatroomClient/src/chatroomclient/Main.java</file>
            <file>file:/C:/Users/lolsp/Documents/NetBeansProjects/ChatroomClient/src/chatroomclient/models/Chatroom.java</file>
            <file>file:/C:/Users/lolsp/Documents/NetBeansProjects/ChatroomClient/src/chatroomclient/ui/LoginRegisterWindow.java</file>
            <file>file:/C:/Users/lolsp/Documents/NetBeansProjects/ChatroomClient/src/chatroomclient/ui/MainWindow.java</file>
            <file>file:/C:/Users/lolsp/Documents/NetBeansProjects/ChatroomClient/src/chatroomclient/Config.java</file>
            <file>file:/C:/Users/lolsp/Documents/NetBeansProjects/ChatroomClient/src/chatroomclient/ChatroomServer.java</file>
            <file>file:/C:/Users/lolsp/Documents/NetBeansProjects/ChatroomClient/src/chatroomclient/client/FileHandler.java</file>
            <file>file:/C:/Users/lolsp/Documents/NetBeansProjects/ChatroomClient/src/chatroomclient/client/FileUpload.java</file>
            <file>file:/C:/Users/lolsp/Documents/NetBeansProjects/ChatroomClient/src/chatroomclient/client/MessageHandler.java</file>
            <file>file:/C:/Users/lolsp/Documents/NetBeansProjects/ChatroomClient/src/chatroomclient/interfaces/EventCallback.java</file>
            <file>file:/C:/Users/lolsp/Documents/NetBeansProjects/ChatroomClient/src/chatroomclient/models/UserModel.java</file>
        </group>
    </open-files>
</project-private>
